{
    "roles": {
        "1": "1457020572167962735"
    },
    "ad_text": ": ** # APOIE NOSSO SERVIDOR!**\n\nAo dar um Boost em nosso servidor, você ganha cargos exclusivos e tendo acesso canais de estudos e grupo privado do nosso servidor !\n\n:e**Vantagens:**\n• Cargos com Permissões e acesso a canais exclusivos\n• 🚀 Participe da Nossa TEAM:Boosters têm prioridade para participar da Team Oficial do servidor, colaborando em projetos e tendo voz ativa nas decisões da nossa equipe.✅ Acesso aos Canais de Studio: Estude com os melhores! Canais fechados com conteúdo de alto nível.✅ Vaga na Team: Participe ativamente da nossa organização e projetos internos.✅ Cargos de Elite: Cargos exclusivos baseados na quantidade de boosts.✅ DM Prioritária: Fale diretamente com a administração com prioridade.💎 Como ajudar? Basta clicar no nome do servidor e selecionar 'Impulso de Servidor'. Sua ajuda faz toda a diferença! servidor\n\nAjude-nos a crescer!",
    "ad_image_path": "assets/boost/ad_image.png",
    "dm_message": "Olá {user}! Muito obrigado por dar um Boost no servidor **{guild}**! 🚀\nVocê acaba de receber o cargo **{role}** como recompensa. Aproveite seus benefícios.!"
}